#,"Country,Other",TotalCases,NewCases,TotalDeaths,NewDeaths,TotalRecovered,NewRecovered,ActiveCases,"Serious,Critical",Tot Cases/1M pop,Deaths/1M pop,TotalTests,Tests/,1M pop,,Population,Continent,1 Caseevery X ppl1 Deathevery X ppl1 Testevery X ppl,New Cases/1M pop,New Deaths/1M pop,Active Cases/1M pop,
1,USA,"99,681,448",,"1,098,387 ",,"97,251,592",,"1,331,469","2,570","297,730","3,281","1,132,648,806","3,383,008","334,805,269 ",North America,33050,,,"3,977",
2,India,"44,662,141",,"530,509 ",,"44,117,611",,"14,021",698,"31,751",377,"901,728,285","641,055","1,406,631,776 ",Asia,"312,6512",,,10,
3,France,"36,971,727",,"157,429 ",,"36,198,265",,"616,033",869,"563,726","2,400","271,490,188","4,139,547","65,584,518 ",Europe,24170,,,"9,393",
4,Germany,"35,884,834",,"154,785 ",,"34,630,700","+121,200","1,099,349","1,406","427,793","1,845","122,332,384","1,458,359","83,883,596 ",Europe,25421,,,"13,106",
5,Brazil,"34,897,510",,"688,444 ",,"34,085,759",,"123,307","8,318","162,047","3,197","63,776,166","296,146","215,353,593 ",South America,63133,,,573,
6,S. Korea,"25,919,183","+62,273","29,420 ",+30,"25,214,865","+24,691","674,898",360,"504,953",573,"15,804,065","307,892","51,329,899 ",Asia,"21,7453","1,213",0.6,"13,148",
7,UK,"23,930,041",,"194,704 ",,"23,602,927","+9,452","132,410",146,"349,354","2,842","522,526,476","7,628,357","68,497,907 ",Europe,33520,,,"1,933",
8,Italy,"23,642,011",,"179,436 ",,"23,037,464",,"425,111",238,"392,315","2,978","253,427,252","4,205,370","60,262,770 ",Europe,33360,,,"7,054",
9,Japan,"22,790,250","+81,401","47,139 ",+70,"20,528,109","+3,254","2,215,002",176,"181,473",375,"78,307,523","623,543","125,584,838 ",Asia,"62,6642",648,0.6,"17,637",
10,Russia,"21,472,591","+4,320","390,712 ",+63,"20,868,400","+8,123","213,479","2,300","147,268","2,680","273,400,000","1,875,095","145,805,947 ",Europe,73731,30,0.4,"1,464",
11,Turkey,"16,919,638",,"101,203 ",,"16,818,435",,0,,"197,747","1,183","162,743,369","1,902,052","85,561,976 ",Asia,58451,,,,
12,Spain,"13,529,643",,"115,239 ",,"13,313,832",,"100,572",339,"289,595","2,467","471,036,328","10,082,298","46,719,142 ",Europe,34050,,,"2,153",
13,Vietnam,"11,506,656",+442,"43,166 ",,"10,605,008",+227,"858,482",77,"116,283",436,"85,826,548","867,342","98,953,541 ",Asia,"92,2921",4,,"8,676",
14,Australia,"10,423,566","+2,709","15,792 ",+6,"10,364,130",,"43,644",44,"399,848",606,"78,835,048","3,024,116","26,068,792 ",Australia/Oceania,"31,6510",104,0.2,"1,674",
15,Argentina,"9,720,232",,"130,003 ",,"9,585,461",+268,"4,768",246,"211,262","2,826","35,716,069","776,264","46,010,234 ",South America,53541,,,104,
16,Netherlands,"8,521,729",,"22,845 ",,"8,433,681","+3,572","65,203",49,"495,120","1,327","21,107,399","1,226,358","17,211,447 ",Europe,27531,,,"3,788",
17,Taiwan,"7,929,052","+24,974","13,247 ",+15,"7,288,926","+44,564","626,879",,"331,918",555,"27,990,764","1,171,721","23,888,595 ",Asia,"31,8031","1,045",0.6,"26,242",
18,Iran,"7,558,593",+91,"144,604 ",+4,"7,333,291",+152,"80,698",92,"87,867","1,681","54,420,785","632,632","86,022,837 ",Asia,115952,1,0.05,938,
19,Mexico,"7,113,429",,"330,415 ",,"6,386,445",,"396,569","4,798","54,069","2,511","18,600,671","141,382","131,562,772 ",North America,183987,,,"3,014",
20,Indonesia,"6,531,721","+6,601","158,909 ",+38,"6,331,960","+3,197","40,852","2,771","23,400",569,"110,961,033","397,518","279,134,505 ",Asia,"431,7573",24,0.1,146,
21,Poland,"6,344,651",+746,"118,178 ",+8,"5,335,940",,"890,533","1,530","168,116","3,131","37,681,887","998,466","37,739,785 ",Europe,63191,20,0.2,"23,597",
22,Colombia,"6,310,332",,"141,850 ",,"6,138,353",,"30,129",342,"122,500","2,754","36,760,659","713,622","51,512,762 ",South America,83631,,,585,
23,Portugal,"5,527,261",,"25,312 ",,"5,477,025",,"24,924",61,"545,064","2,496","45,059,939","4,443,531","10,140,570 ",Europe,24010,,,"2,458",
24,Austria,"5,472,671","+3,779","21,049 ",,"5,408,281","+4,530","43,341",47,"603,601","2,322","200,720,764","22,138,214","9,066,710 ",Europe,24310,417,,"4,780",
25,Ukraine,"5,312,632",,"110,186 ",,"5,166,295","+2,865","36,151",,"123,000","2,551","32,603,805","754,855","43,192,122 ",Europe,83921,,,837,
26,Greece,"5,188,890",,"33,750 ",,"5,124,460","+7,670","30,680",115,"502,963","3,271","97,554,770","9,456,063","10,316,637 ",Europe,23060,,,"2,974",
27,Malaysia,"4,929,972",,"36,495 ",,"4,858,943",,"34,534",73,"148,578","1,100","65,661,881","1,978,896","33,181,072 ",Asia,79091,,,"1,041",
28,Chile,"4,799,221",,"61,853 ",,"4,717,260",,"20,108",117,"249,308","3,213","46,361,048","2,408,342","19,250,195 ",South America,43110,,,"1,045",
29,DPRK,"4,772,813",,74 ,,"4,772,739",,0,,"183,636",3,,,"25,990,679 ",Asia,"5351,225",,,,
30,Thailand,"4,695,207",,"32,995 ",,"4,649,509",,"12,703","1,496","67,000",471,"17,270,775","246,450","70,078,203 ",Asia,"152,1244",,,181,
31,Israel,"4,689,161",,"11,767 ",,"4,670,563",,"6,831",24,"502,805","1,262","41,373,364","4,436,346","9,326,000 ",Asia,27930,,,732,
32,Belgium,"4,619,721",,"32,959 ",,"4,540,250","+4,656","46,512",55,"395,921","2,825","35,982,406","3,083,780","11,668,278 ",Europe,33540,,,"3,986",
33,Canada,"4,357,478",,"46,710 ",,"4,233,772",,"76,996",99,"113,510","1,217","65,873,060","1,715,962","38,388,419 ",North America,98221,,,"2,006",
34,Switzerland,"4,235,222",,"14,275 ",,"4,122,963","+9,013","97,984",69,"482,721","1,627","22,724,091","2,590,042","8,773,637 ",Europe,26150,,,"11,168",
35,Czechia,"4,162,724",+922,"41,674 ",+4,"4,116,478",+260,"4,572",25,"387,707","3,881","56,514,825","5,263,664","10,736,784 ",Europe,32580,86,0.4,426,
36,Peru,"4,161,769",,"217,098 ",,"3,936,525",+790,"8,146",37,"123,553","6,445","35,851,406","1,064,339","33,684,208 ",South America,81551,,,242,
37,South Africa,"4,030,660",,"102,363 ",,"3,912,506",,"15,791",192,"66,342","1,685","26,473,049","435,726","60,756,135 ",Africa,155942,,,260,
38,Philippines,"4,011,026",,"64,291 ",,"3,929,981",,"16,754",124,"35,651",571,"33,323,944","296,189","112,508,994 ",Asia,"281,7503",,,149,
39,Romania,"3,290,030",+588,"67,217 ",+3,"3,216,444",+304,"6,369",93,"172,874","3,532","25,551,874","1,342,621","19,031,335 ",Europe,62831,31,0.2,335,
40,Denmark,"3,139,987",+415,"7,420 ",+7,"3,126,462",+895,"6,105",1,"538,134","1,272","128,688,022","22,054,691","5,834,950 ",Europe,27860,71,1,"1,046",
41,Sweden,"2,614,997",,"20,721 ",,"2,582,091",+400,"12,185",17,"255,896","2,028","19,071,994","1,866,332","10,218,971 ",Europe,44931,,,"1,192",
42,Iraq,"2,461,857",,"25,361 ",,"2,435,999",,497,21,"58,386",601,"19,377,732","459,570","42,164,965 ",Asia,"171,6632",,,12,
43,Serbia,"2,409,415",,"17,290 ",,"2,376,638",,"15,487",18,"278,448","1,998","11,433,890","1,321,376","8,653,016 ",Europe,45001,,,"1,790",
44,Hungary,"2,141,513",,"47,938 ",,"2,061,999",,"31,576",25,"222,929","4,990","11,394,556","1,186,160","9,606,259 ",Europe,42001,,,"3,287",
45,Singapore,"2,125,004",,"1,690 ",,"2,046,140",,"77,174",16,"357,531",284,"24,622,510","4,142,731","5,943,546 ",Asia,"33,5170",,,"12,985",
46,Bangladesh,"2,035,930",+48,"29,426 ",,"1,982,999",+256,"23,505","1,331","12,127",175,"15,024,644","89,493","167,885,689 ",Asia,"825,70511",0.3,,140,
47,Hong Kong,"1,957,542","+4,649","10,479 ",+4,"1,765,934","+3,524","181,129",9,"257,426","1,378","66,284,763","8,716,749","7,604,299 ",Asia,47260,611,0.5,"23,819",
48,New Zealand,"1,872,459",,"3,144 ",,"1,849,572",,"19,743",,"382,275",642,"7,544,063","1,540,170","4,898,203 ",Australia/Oceania,"31,5581",,,"4,031",
49,Slovakia,"1,853,706",+133,"20,645 ",+4,"1,830,898",+221,"2,163",32,"339,495","3,781","7,338,979","1,344,088","5,460,193 ",Europe,32641,24,0.7,396,
50,Georgia,"1,785,138",,"16,912 ",,"1,637,293",,"130,933",,"449,800","4,261","16,920,079","4,263,340","3,968,738 ",Asia,22350,,,"32,991",
51,Jordan,"1,746,997",,"14,122 ",,"1,731,007",,"1,868",59,"169,597","1,371","17,201,885","1,669,945","10,300,869 ",Asia,67291,,,181,
52,Ireland,"1,673,681",,"8,028 ",,"1,659,377",,"6,276",15,"333,389","1,599","12,797,540","2,549,210","5,020,199 ",Europe,36250,,,"1,250",
53,Pakistan,"1,574,432",+25,"30,627 ",,"1,538,689",,"5,116",53,"6,861",133,"30,570,862","133,213","229,488,994 ",Asia,"1467,4938",0.1,,22,
54,Norway,"1,465,824",,"4,238 ",,"1,459,720",,"1,866",20,"265,964",769,"11,002,430","1,996,315","5,511,370 ",Europe,"41,3001",,,339,
55,Kazakhstan,"1,395,047",+47,"13,693 ",+1,"1,380,356",,998,24,"72,640",713,"11,575,012","602,707","19,205,043 ",Asia,"141,4032",2,0.05,52,
56,Finland,"1,360,721",,"6,741 ",,"1,321,745","+1,835","32,235",21,"244,956","1,214","11,684,973","2,103,521","5,554,960 ",Europe,48240,,,"5,803",
57,Bulgaria,"1,281,924",,"37,931 ",,"1,234,418",,"9,575",65,"187,290","5,542","10,737,141","1,568,703","6,844,597 ",Europe,51801,,,"1,399",
58,Lithuania,"1,270,349",+529,"9,403 ",+1,"1,254,200",+735,"6,746",7,"477,268","3,533","10,230,481","3,843,578","2,661,708 ",Europe,22830,199,0.4,"2,534",
59,Morocco,"1,266,009",,"16,282 ",,"1,249,300",,427,293,"33,516",431,"12,683,401","335,782","37,772,756 ",Africa,"302,3203",,,11,
60,Croatia,"1,248,864",+229,"17,200 ",+6,"1,229,923",+204,"1,741",10,"307,656","4,237","5,321,532","1,310,953","4,059,286 ",Europe,32361,56,1,429,
61,Slovenia,"1,239,383","+1,153","6,903 ",+8,"1,221,411","+2,079","11,069",16,"596,421","3,322","2,771,640","1,333,780","2,078,034 ",Europe,23011,555,4,"5,327",
62,Lebanon,"1,219,141",,"10,713 ",,"1,087,587",,"120,841",74,"182,374","1,603","4,795,578","717,380","6,684,849 ",Asia,56241,,,"18,077",
63,Tunisia,"1,146,702",+109,"29,263 ",+2,N/A,N/A,N/A,44,"95,188","2,429","4,969,609","412,530","12,046,656 ",Africa,114122,9,0.2,617,
64,Guatemala,"1,142,589",,"19,907 ",,"1,121,599",,"1,083",5,"61,482","1,071","6,141,075","330,449","18,584,039 ",North America,169343,,,58,
65,Costa Rica,"1,138,416",,"9,009 ",,"860,711",,"268,696",52,"219,672","1,738","4,659,757","899,158","5,182,354 ",North America,55751,,,"51,848",
66,Cuba,"1,111,298",,"8,530 ",,"1,102,697",,71,23,"98,296",754,"14,184,566","1,254,644","11,305,652 ",North America,"101,3251",,,6,
67,Bolivia,"1,109,652",+39,"22,240 ",,"1,072,029",+511,"15,383",220,"92,528","1,854","2,705,422","225,590","11,992,656 ",South America,115394,3,,"1,283",
68,UAE,"1,039,867",+254,"2,348 ",,"1,018,947",+262,"18,572",,"103,143",233,"196,228,625","19,463,679","10,081,785 ",Asia,"104,2940",25,,"1,842",
69,Ecuador,"1,009,044",,"35,934 ",,"971,619",,"1,491",759,"55,707","1,984","3,082,403","170,173","18,113,361 ",South America,185046,,,82,
70,Nepal,"1,000,759",+10,"12,019 ",,"988,168",+15,572,,"33,110",398,"5,964,376","197,329","30,225,582 ",Asia,"302,5155",0.3,,19,
71,Belarus,"994,037",,"7,118 ",,"985,592",,"1,327",,"105,381",755,"13,646,641","1,446,722","9,432,800 ",Europe,"91,3251",,,141,
72,Panama,"991,251",,"8,509 ",,"981,602",,"1,140",16,"222,905","1,913","7,178,915","1,614,341","4,446,964 ",North America,45231,,,256,
73,Uruguay,"991,219",,"7,526 ",,"982,984",,709,18,"283,528","2,153","6,114,822","1,749,083","3,496,016 ",South America,44651,,,203,
74,Mongolia,"985,652",,"2,179 ",,"982,074",,"1,399",192,"291,779",645,"4,030,048","1,193,000","3,378,078 ",Asia,"31,5501",,,414,
75,Latvia,"955,436",+483,"6,067 ",+3,"943,208",+638,"6,161",3,"516,777","3,282","7,746,372","4,189,862","1,848,837 ",Europe,23050,261,2,"3,332",
76,Saudi Arabia,"824,003",+169,"9,423 ",+2,"810,523",+257,"4,057",83,"22,988",263,"44,687,206","1,246,682","35,844,909 ",Asia,"443,8041",5,0.06,113,
77,Azerbaijan,"823,577",+38,"9,957 ",,"813,354",+52,266,,"79,957",967,"7,336,115","712,230","10,300,205 ",Asia,"131,0341",4,,26,
78,Paraguay,"717,980",,"19,606 ",,"698,317",,57,7,"98,275","2,684","2,657,506","363,751","7,305,843 ",South America,103733,,,8,
79,Bahrain,"692,129",,"1,529 ",,"688,404",,"2,196",3,"387,968",857,"10,514,230","5,893,683","1,783,983 ",Asia,"31,1670",,,"1,231",
80,Sri Lanka,"671,334",,"16,782 ",,"654,443",,109,,"31,115",778,"6,486,117","300,619","21,575,842 ",Asia,"321,2863",,,5,
81,Kuwait,"662,359",,"2,569 ",,"659,512",,278,2,"151,212",586,"8,416,379","1,921,405","4,380,326 ",Asia,"71,7051",,,63,
82,Dominican Republic,"647,205",,"4,384 ",,"642,571",,250,4,"58,537",397,"3,657,057","330,765","11,056,370 ",North America,"172,5223",,,23,
83,Myanmar,"632,318",,"19,485 ",,"606,559",,"6,274",,"11,449",353,"9,474,745","171,560","55,227,143 ",Asia,"872,8346",,,114,
84,Palestine,"620,816",,"5,404 ",,"614,962",,450,17,"116,137","1,011","3,078,533","575,907","5,345,541 ",Asia,99892,,,84,
85,Estonia,"607,230",,"2,748 ",,"524,990",,"79,492",6,"459,358","2,079","3,579,101","2,707,522","1,321,910 ",Europe,24810,,,"60,134",
86,Cyprus,"602,662",,"1,200 ",,"592,342",,"9,120",60,"492,618",981,"9,640,118","7,879,860","1,223,387 ",Asia,"21,0190",,,"7,455",
87,Moldova,"593,816",,"11,894 ",,"504,142",,"77,780",49,"147,967","2,964","3,216,305","801,437","4,013,171 ",Europe,73371,,,"19,381",
88,Venezuela,"546,122",,"5,823 ",,"539,727",,572,36,"18,660",199,"3,359,014","114,771","29,266,991 ",South America,"545,0269",,,20,
89,Egypt,"515,645",,"24,613 ",,"442,182",,"48,850",122,"4,857",232,"3,693,367","34,792","106,156,692 ",Africa,"2064,31329",,,460,
90,Libya,"507,060",,"6,437 ",,"500,580",,43,,"72,018",914,"2,483,145","352,682","7,040,745 ",Africa,"141,0943",,,6,
91,Ethiopia,"494,086",,"7,572 ",,"472,155",,"14,359",,"4,090",63,"5,327,247","44,095","120,812,698 ",Africa,"24515,95523",,,119,
92,Réunion,"474,111",,899 ,,"418,572",,"54,640",10,"522,114",990,"1,603,660","1,766,027","908,061 ",Africa,"21,0101",,,"60,172",
93,Qatar,"472,226",+410,684 ,,"469,917",+366,"1,625",2,"158,470",230,"4,054,544","1,360,624","2,979,915 ",Asia,"64,3571",138,,545,
94,Honduras,"457,196",,"11,039 ",,N/A,N/A,N/A,105,"44,730","1,080","1,549,348","151,581","10,221,247 ",North America,229267,,,"30,682",
95,Armenia,"445,397",,"8,709 ",,"434,441",,"2,247",,"149,866","2,930","3,230,307","1,086,926","2,971,966 ",Asia,73411,,,756,
96,Bosnia and Herzegovina,"400,119",+29,"16,182 ",,"377,921",+19,"6,016",,"123,139","4,980","1,876,638","577,548","3,249,317 ",Europe,82012,9,,"1,851",
97,Oman,"398,775",,"4,260 ",,"384,669",,"9,846",2,"74,901",800,"25,000,000","4,695,724","5,323,993 ",Asia,"131,2500",,,"1,849",
98,North Macedonia,"344,146",,"9,564 ",,"334,335",,247,,"165,351","4,595","2,141,032","1,028,697","2,081,304 ",Europe,62181,,,119,
99,Kenya,"339,788",,"5,678 ",,"333,358",,752,1,"6,044",101,"3,924,756","69,817","56,215,221 ",Africa,"1659,90114",,,13,
100,Zambia,"333,685",,"4,017 ",,"329,652",,16,,"17,138",206,"3,750,980","192,652","19,470,234 ",Africa,"584,8475",,,0.8,
101,Albania,"333,058",,"3,592 ",,"327,871",,"1,595",,"116,195","1,253","1,941,032","677,173","2,866,374 ",Europe,97981,,,556,
102,Botswana,"326,344",,"2,790 ",,"322,955",,599,1,"133,684","1,143","2,026,898","830,300","2,441,162 ",Africa,78751,,,245,
103,Luxembourg,"297,757",,"1,133 ",,"288,991",,"7,633",,"463,528","1,764","4,412,567","6,869,188","642,371 ",Europe,25670,,,"11,883",
104,Montenegro,"283,117",,"2,787 ",,"279,920",,410,6,"450,859","4,438","2,651,778","4,222,913","627,950 ",Europe,22250,,,653,
105,Algeria,"270,881",,"6,881 ",,"182,447",,"81,553",,"5,973",152,"230,861","5,091","45,350,148 ",Africa,"1676,591196",,,"1,798",
106,Nigeria,"266,192",,"3,155 ",,"259,532",,"3,505",11,"1,228",15,"5,441,162","25,104","216,746,934 ",Africa,"81468,70040",,,16,
107,Zimbabwe,"257,893",,"5,606 ",,"251,904",,383,12,"16,821",366,"2,525,756","164,744","15,331,428 ",Africa,"592,7356",,,25,
108,Uzbekistan,"244,827",,"1,637 ",,"241,486",,"1,704",23,"7,121",48,"1,377,915","40,077","34,382,084 ",Asia,"14021,00325",,,50,
109,Brunei ,"241,044",,225 ,,"222,140",,"18,679",3,"541,148",505,"717,784","1,611,437","445,431 ",Asia,"21,9801",,,"41,935",
110,Mozambique,"230,475",,"2,224 ",,"228,176",,75,11,"6,965",67,"1,371,127","41,437","33,089,461 ",Africa,"14414,87824",,,2,
111,Martinique,"223,728",,"1,047 ",,N/A,N/A,N/A,8,"598,064","2,799","828,928","2,215,870","374,087 ",North America,23570,,,"594,987",
112,Laos,"216,295",+9,758 ,,N/A,N/A,N/A,,"28,912",101,"1,233,207","164,845","7,481,023 ",Asia,"359,8696",1,,"27,787",
113,Iceland,"206,571",,219 ,,N/A,N/A,N/A,2,"598,075",634,"1,996,384","5,780,036","345,393 ",Europe,"21,5770",,,"378,314",
114,Kyrgyzstan,"206,464",,"2,991 ",,"196,406",,"7,067",131,"30,686",445,"1,907,195","283,460","6,728,271 ",Asia,"332,2504",,,"1,050",
115,Afghanistan,"203,942",+49,"7,829 ",+1,"181,093",+26,"15,020","1,124","5,004",192,"1,140,999","27,997","40,754,388 ",Asia,"2005,20636",1,0.02,369,
116,El Salvador,"201,785",,"4,230 ",,"179,410",,"18,145",8,"30,805",646,"2,610,114","398,467","6,550,389 ",North America,"321,5493",,,"2,770",
117,Guadeloupe,"196,270",,993 ,,N/A,N/A,N/A,19,"490,928","2,484","938,039","2,346,306","399,794 ",North America,24030,,,"482,816",
118,Maldives,"185,454",,309 ,,"163,687",,"21,458",25,"342,808",571,"2,213,831","4,092,223","540,985 ",Asia,"31,7510",,,"39,665",
119,Trinidad and Tobago,"184,854",,"4,255 ",,"180,224",,375,8,"131,420","3,025","856,673","609,045","1,406,585 ",North America,83312,,,267,
120,Ghana,"170,894",,"1,460 ",,"169,218",,216,2,"5,275",45,"2,518,296","77,736","32,395,450 ",Africa,"19022,18913",,,7,
121,Namibia,"169,946",,"4,080 ",,"165,826",,40,,"64,523","1,549","1,062,663","403,460","2,633,874 ",Africa,156462,,,15,
122,Uganda,"169,473",,"3,630 ",,"100,431",,"65,412",3,"3,499",75,"3,012,408","62,198","48,432,863 ",Africa,"28613,34216",,,"1,351",
123,Jamaica,"151,931",,"3,320 ",,"99,392",,"49,219",,"50,897","1,112","1,183,986","396,633","2,985,094 ",North America,208993,,,"16,488",
124,Cambodia,"137,996",,"3,056 ",,"134,934",,6,,"8,038",178,"3,091,420","180,062","17,168,639 ",Asia,"1245,6186",,,0.3,
125,Rwanda,"132,584",,"1,467 ",,"131,061",,56,,"9,748",108,"5,841,019","429,472","13,600,464 ",Africa,"1039,2712",,,4,
126,Cameroon,"123,993",,"1,965 ",,"118,616",,"3,412",13,"4,442",70,"1,751,774","62,762","27,911,548 ",Africa,"22514,20416",,,122,
127,Malta,"115,512",+23,808 ,,"114,014",+22,690,4,"260,143","1,820","2,081,348","4,687,372","444,033 ",Europe,45500,52,,"1,554",
128,Angola,"103,131",,"1,917 ",,"101,155",,59,,"2,944",55,"1,499,795","42,818","35,027,343 ",Africa,"34018,27223",,,2,
129,Barbados,"103,014",,560 ,,"102,024",,430,,"357,659","1,944","770,100","2,673,745","288,023 ",North America,35140,,,"1,493",
130,Channel Islands,"94,480",,205 ,,"93,703",,572,,"535,410","1,162","1,252,808","7,099,551","176,463 ",Europe,28610,,,"3,241",
131,French Guiana,"94,259",,411  ,,"11,254",,"82,594",2,"300,026","1,308","651,257","2,072,951","314,169 ",South America,37640,,,"262,897",
132,DRC,"93,219",,"1,445 ",,"83,560",,"8,214",,979,15,"846,704","8,890","95,240,792 ",Africa,"1,02265,911112",,,86,
133,Senegal,"88,817",,"1,968 ",,"86,775",,74,,"5,031",111,"1,146,543","64,946","17,653,671 ",Africa,"1998,97015",,,4,
134,Malawi,"88,073",,"2,683 ",,"84,974",,416,67,"4,364",133,"619,708","30,708","20,180,839 ",Africa,"2297,52233",,,21,
135,Ivory Coast,"87,830",,829 ,,"86,970",,31,,"3,166",30,"1,644,475","59,277","27,742,298 ",Africa,"31633,46517",,,1,
136,Suriname,"81,228",,"1,392 ",,N/A,N/A,N/A,,"136,099","2,332","239,603","401,459","596,831 ",South America,74292,,,"50,580",
137,French Polynesia,"76,764",,649 ,,N/A,N/A,N/A,7,"270,140","2,284",,,"284,164 ",Australia/Oceania,4438,,,"149,966",
138,New Caledonia,"74,441",+1,314 ,,"74,000",+41,127,9,"255,886","1,079","98,964","340,182","290,915 ",Australia/Oceania,49263,3,,437,
139,Eswatini,"73,618",,"1,422 ",,"72,125",,71,,"62,134","1,200","1,047,249","883,891","1,184,817 ",Africa,168331,,,60,
140,Guyana,"71,449",,"1,281 ",,"70,150",,18,,"89,981","1,613","702,789","885,075","794,045 ",South America,116201,,,23,
141,Belize,"68,972",,687 ,,"68,275",,10,6,"167,331","1,667","576,016","1,397,453","412,190 ",North America,66001,,,24,
142,Fiji,"68,270",,878 ,,"66,327",,"1,065",,"75,066",965,"664,357","730,491","909,466 ",Australia/Oceania,"131,0361",,,"1,171",
143,Madagascar,"66,788",,"1,411 ",,"65,297",,80,,"2,289",48,"515,324","17,661","29,178,077 ",Africa,"43720,67957",,,3,
144,Sudan,"63,518",,"4,972 ",,"57,732",,814,,"1,381",108,"562,941","12,240","45,992,020 ",Africa,"7249,25082",,,18,
145,Mauritania,"63,400",,997 ,,"62,343",,60,,"12,934",203,"1,000,372","204,075","4,901,981 ",Africa,"774,9175",,,12,
146,Cabo Verde,"62,561",,410 ,,"62,008",,143,23,"110,205",722,"401,622","707,482","567,678 ",Africa,"91,3851",,,252,
147,Bhutan,"62,430",,21 ,,"61,564",,845,,"79,232",27,"2,303,734","2,923,739","787,941 ",Asia,"1337,5210",,,"1,072",
148,Syria,"57,371",,"3,163 ",,"54,201",,7,,"2,963",163,"146,269","7,553","19,364,809 ",Asia,"3386,122132",,,0.4,
149,Burundi,"50,574",+57,38 ,,"50,397",+138,139,,"4,006",3,"345,742","27,386","12,624,840 ",Africa,"250332,23337",5,,11,
150,Seychelles,"49,380",,171 ,,"48,626",,583,,"496,651","1,720",,,"99,426 ",Africa,2581,,,"5,864",
151,Gabon,"48,945",,306 ,,"48,392",,247,,"20,993",131,"1,619,864","694,763","2,331,533 ",Africa,"487,6191",,,106,
152,Andorra,"46,588",,155 ,,"46,319",,114,14,"601,423","2,001","249,838","3,225,256","77,463 ",Europe,25000,,,"1,472",
153,Papua New Guinea,"45,629",,668 ,,"43,982",,979,7,"4,910",72,"249,149","26,813","9,292,169 ",Australia/Oceania,"20413,91037",,,105,
154,Curaçao,"45,489",,293 ,,"44,720",,476,3,"274,810","1,770","496,693","3,000,640","165,529 ",North America,45650,,,"2,876",
155,Aruba,"43,334",,232 ,,"42,438",,664,2,"402,699","2,156","177,885","1,653,068","107,609 ",North America,24641,,,"6,170",
156,Mauritius,"40,718",,"1,031 ",,"39,006",,681,,"31,943",809,"358,675","281,374","1,274,727 ",Africa,"311,2364",,,534,
157,Mayotte,"40,339",,187 ,,N/A,N/A,N/A,,"140,918",653,"176,919","618,038","286,259 ",Africa,"71,5312",,,"129,910",
158,Tanzania,"40,054",,845 ,,N/A,N/A,N/A,7,633,13,,,"63,298,550 ",Africa,"1,58074,910",,,617,
159,Togo,"39,312",,290 ,,"39,006",,16,,"4,529",33,"798,759","92,014","8,680,837 ",Africa,"22129,93411",,,2,
160,Guinea,"38,122",,458 ,,"37,174",,490,8,"2,749",33,"660,107","47,607","13,865,691 ",Africa,"36430,27421",,,35,
161,Isle of Man,"38,008",,116 ,,N/A,N/A,N/A,,"443,335","1,353","150,753","1,758,422","85,732 ",Europe,27391,,,"129,450",
162,Bahamas,"37,386",,833 ,,"36,270",,283,2,"93,345","2,080","256,731","641,001","400,516 ",North America,114812,,,707,
163,Faeroe Islands,"34,658",,28 ,,N/A,N/A,N/A,5,"703,959",569,"778,000","15,802,409","49,233 ",Europe,"11,7580",,,"547,133",
164,Lesotho,"34,490",,706 ,,"25,980",,"7,804",,"15,852",324,"431,221","198,199","2,175,699 ",Africa,"633,0825",,,"3,587",
165,Haiti,"33,828",,860 ,,"32,729",,239,,"2,896",74,"132,422","11,337","11,680,283 ",North America,"34513,58288",,,20,
166,Mali,"32,738",,742 ,,"31,912",,84,,"1,525",35,"771,839","35,943","21,473,764 ",Africa,"65628,94028",,,4,
167,Cayman Islands,"31,096",,35 ,,"8,553",,"22,508",1,"462,208",520,"222,773","3,311,280","67,277 ",North America,"21,9220",,,"334,557",
168,Saint Lucia,"29,550",,404 ,,"29,095",,51,,"159,632","2,182","210,983","1,139,752","185,113 ",North America,64581,,,276,
169,Benin,"27,912",,163 ,,"27,730",,19,5,"2,183",13,"604,310","47,268","12,784,726 ",Africa,"45878,43421",,,1,
170,Somalia,"27,254",,"1,361 ",,"13,182",,"12,711",,"1,618",81,"400,466","23,778","16,841,795 ",Africa,"61812,37542",,,755,
171,Congo,"24,837",,386 ,,"24,006",,445,,"4,284",67,"347,815","59,991","5,797,805 ",Africa,"23315,02017",,,77,
172,Timor-Leste,"23,305",,138 ,,"23,102",,65,,"17,018",101,"278,529","203,391","1,369,429 ",Asia,"599,9235",,,47,
173,Micronesia,"22,203",,55 ,,N/A,N/A,N/A,1,"188,979",468,"21,923","186,596","117,489 ",Australia/Oceania,"52,1365",,,"187,030",
174,San Marino,"21,681",,119 ,,"21,473",,89,4,"636,086","3,491","157,634","4,624,732","34,085 ",Europe,22860,,,"2,611",
175,Burkina Faso,"21,631",,387 ,,"21,143",,101,,979,18,"248,995","11,265","22,102,838 ",Africa,"1,02257,11389",,,5,
176,Solomon Islands,"21,544",,153 ,,"16,357",,"5,034",1,"29,874",212,"5,117","7,096","721,159 ",Australia/Oceania,"334,713141",,,"6,980",
177,Liechtenstein,"20,709",,87 ,,"20,552",,70,1,"539,480","2,266","102,174","2,661,682","38,387 ",Europe,24410,,,"1,824",
178,Gibraltar,"20,121",,108 ,,"16,579",,"3,434",,"596,991","3,204","534,283","15,852,213","33,704 ",Europe,23120,,,"101,887",
179,Grenada,"19,604",,237 ,,"19,348",,19,4,"172,761","2,089","182,667","1,609,755","113,475 ",North America,64791,,,167,
180,Nicaragua,"18,491",,225 ,,"4,225",,"14,041",,"2,728",33,,,"6,779,100 ",North America,"36730,129",,,"2,071",
181,Bermuda,"18,428",,149 ,,"18,244",,35,,"297,519","2,406","1,017,514","16,427,679","61,939 ",North America,34160,,,565,
182,South Sudan,"18,325",,138 ,,"18,115",,72,1,"1,577",12,"410,280","35,313","11,618,511 ",Africa,"63484,19228",,,6,
183,Tajikistan,"17,786",,125 ,,"17,264",,397,,"1,786",13,,,"9,957,464 ",Asia,"56079,660",,,40,
184,Equatorial Guinea,"17,174",,183 ,,"16,856",,135,5,"11,475",122,"365,697","244,342","1,496,662 ",Africa,"878,1784",,,90,
185,Tonga,"16,182",,12 ,,"15,638",,532,,"150,182",111,"535,009","4,965,327","107,749 ",Australia/Oceania,"78,9790",,,"4,937",
186,Samoa,"15,946",,29 ,,"1,605",,"14,312",4,"78,847",143,"187,397","926,612","202,239 ",Australia/Oceania,"136,9741",,,"70,768",
187,Dominica,"15,760",,74 ,,"15,673",,13,,"217,848","1,023","229,344","3,170,187","72,344 ",North America,59780,,,180,
188,Djibouti,"15,690",,189 ,,"15,427",,74,,"15,441",186,"305,941","301,094","1,016,097 ",Africa,"655,3763",,,73,
189,Marshall Islands,"15,389",,17 ,,"15,358",,14,22,"256,240",283,,,"60,057 ",Australia/Oceania,"43,533",,,233,
190,CAR,"15,289",,113 ,,"14,615",,561,2,"3,048",23,"81,294","16,205","5,016,678 ",Africa,"32844,39562",,,112,
191,Monaco,"15,005",,63 ,,"14,902",,40,4,"377,171","1,584","78,646","1,976,875","39,783 ",Europe,36311,,,"1,005",
192,Gambia,"12,580",,372 ,,"12,174",,34,,"4,917",145,"155,686","60,851","2,558,482 ",Africa,"2036,87816",,,13,
193,Saint Martin,"12,026",,63 ,,"1,399",,"10,564",7,"302,693","1,586","112,382","2,828,643","39,730 ",North America,36310,,,"265,895",
194,Greenland,"11,971",,21 ,,"2,761",,"9,189",4,"210,117",369,"164,926","2,894,810","56,973 ",North America,"52,7130",,,"161,287",
195,Vanuatu,"11,952",,14 ,,"11,937",,1,,"37,137",44,"24,976","77,606","321,832 ",Australia/Oceania,"2722,98813",,,3,
196,Yemen,"11,945",,"2,159 ",,"9,124",,662,23,383,69,"329,592","10,579","31,154,867 ",Asia,"2,60814,43095",,,21,
197,Caribbean Netherlands,"11,340",,36 ,,"10,476",,828,,"425,564","1,351","30,126","1,130,559","26,647 ",North America,27401,,,"31,073",
198,Sint Maarten,"10,931",,89 ,,"10,833",,9,,"248,624","2,024","62,056","1,411,454","43,966 ",North America,44941,,,205,
199,Eritrea,"10,189",,103 ,,"10,086",+1,0,,"2,782",28,"23,693","6,470","3,662,244 ",Africa,"35935,556155",,,,
200,Niger,"9,931",,312 ,,"8,890",,729,1,381,12,"254,538","9,759","26,083,660 ",Africa,"2,62683,601102",,,28,
201,Antigua and Barbuda,"9,106",,146 ,,"8,954",,6,1,"91,509","1,467","18,901","189,943","99,509 ",North America,116825,,,60,
202,Comoros,"8,879",,161 ,,"8,587",,131,,"9,785",177,,,"907,419 ",Africa,"1025,636",,,144,
203,Guinea-Bissau,"8,848",,176 ,,"8,642",,30,6,"4,288",85,"145,231","70,385","2,063,367 ",Africa,"23311,72414",,,15,
204,Liberia,"7,998",,294  ,,"7,696",,8,2,"1,508",55,"139,824","26,356","5,305,117 ",Africa,"66318,04538",,,2,
205,Sierra Leone,"7,754",,126 ,,N/A,N/A,N/A,,933,15,"259,958","31,296","8,306,436 ",Africa,"1,07165,92432",,,330,
206,Chad,"7,631",,194 ,,"4,874",,"2,563",,438,11,"191,341","10,988","17,413,580 ",Africa,"2,28289,76191",,,147,
207,British Virgin Islands,"7,305",,64 ,,N/A,N/A,N/A,,"238,757","2,092","107,339","3,508,269","30,596 ",North America,44780,,,392,
208,St. Vincent Grenadines,"7,112",,115 ,,"6,641",,356,,"63,756","1,031","100,856","904,125","111,551 ",North America,169701,,,"3,191",
209,Saint Kitts and Nevis,"6,548",,46 ,,"6,482",,20,,"121,550",854,"124,861","2,317,778","53,871 ",North America,"81,1710",,,371,
210,Turks and Caicos,"6,431",,36 ,,"6,364",,31,4,"161,823",906,"550,203","13,844,720","39,741 ",North America,"61,1040",,,780,
211,Cook Islands,"6,389",,1 ,,"6,384",,4,,"363,610",57,"19,690","1,120,596","17,571 ",Australia/Oceania,"317,5711",,,228,
212,Sao Tome and Principe,"6,270",,77 ,,"6,189",,4,,"27,539",338,"29,036","127,530","227,679 ",Africa,"362,9578",,,18,
213,Palau,"5,530",,7 ,,"5,510",,13,1,"303,296",384,"65,875","3,612,955","18,233 ",Australia/Oceania,"32,6050",,,713,
214,St. Barth,"5,323",,6 ,,N/A,N/A,N/A,,"535,244",603,"78,646","7,908,095","9,945 ",North America,"21,6580",,,"488,185",
215,Nauru,"4,611",,1 ,,"4,605",,5,,"422,911",92,"20,509","1,881,042","10,903 ",Australia/Oceania,"210,9031",,,459,
216,Anguilla,"3,904",,12 ,,"3,879",,13,4,"256,336",788,"51,382","3,373,736","15,230 ",North America,"41,2690",,,854,
217,Kiribati,"3,430",,13 ,,"2,703",,714,3,"27,792",105,,,"123,419 ",Australia/Oceania,"369,494",,,"5,785",
218,Saint Pierre Miquelon,"3,231",,1 ,,"2,449",,781,1,"561,035",174,"25,120","4,361,868","5,759 ",North America,"25,7590",,,"135,614",
219,Falkland Islands,"1,930",, ,,"1,930",,0,,"545,352",,"8,632","2,439,107","3,539 ",South America,20,,,,
220,Saint Helena,"1,800",, ,,2,,"1,798",,"294,358",,,,"6,115 ",Africa,3,,,"294,031",
221,Montserrat,"1,403",,8 ,,"1,376",,19,,"282,578","1,611","17,762","3,577,442","4,965 ",North America,46210,,,"3,827",
222,Macao,795,,6 ,,787,,2,,"1,191",9,"7,850","11,760","667,490 ",Asia,"840111,24885",,,3,
223,Wallis and Futuna,761,,7 ,,438,,316,,"69,295",637,"20,508","1,867,419","10,982 ",Australia/Oceania,"141,5691",,,"28,774",
224,Diamond Princess,712,,13 ,,699,,0,,,,,, ,,,,,,
225,Niue,85,, ,,85,,0,,"52,404",,,,"1,622 ",Australia/Oceania,19,,,,
226,Vatican City,29,, ,,29,,0,,"36,295",,,,799 ,Europe,28,,,,
227,Tuvalu,23,, ,,,,23,,"1,906",,,,"12,066 ",Australia/Oceania,525,,,"1,906",
228,Western Sahara,10,,1 ,,9,,0,,16,2,,,"626,161 ",Africa,"62,616626,161",,,,
229,MS Zaandam,9,,2 ,,7,,0,,,,,, ,,,,,,
230,China,"265,013",+890,"5,226 ",,"252,543",+263,"7,244",30,183,4,"160,000,000","110,461","1,448,471,400 ",Asia,"5,466277,1669",0.6,,5,
